question,answer
LiveVideo 페이지는 어떤 기능을 제공하나요?,LiveVideo 페이지는 실시간 동영상을 시청할 수 있는 기능을 제공합니다. 사용자는 이 페이지에서 다양한 실시간 스트리밍 동영상을 볼 수 있습니다.
LiveVideo 페이지에서 어떻게 실시간 동영상을 시청할 수 있나요?,LiveVideo 페이지에 접속하면 다양한 실시간 동영상 목록이 표시됩니다. 원하는 동영상을 클릭하면 해당 동영상의 스트리밍을 시작합니다.
MyPage 페이지는 어떤 기능을 제공하나요?,"MyPage 페이지는 사용자의 개인 정보를 관리하고 설정할 수 있는 기능을 제공합니다. 사용자는 이 페이지에서 프로필 정보 수정, 비밀번호 변경 등의 작업을 할 수 있습니다."
MyPage 페이지에서 어떻게 프로필 정보를 수정할 수 있나요?,"MyPage 페이지에 접속한 후, 프로필 정보 수정 버튼을 클릭하여 원하는 정보를 입력하고 저장 버튼을 눌러 수정된 정보를 저장합니다."
VideoDetail 페이지는 어떤 기능을 제공하나요?,"VideoDetail 페이지는 특정 동영상에 대한 상세 정보를 제공합니다. 사용자는 이 페이지에서 동영상 설명, 댓글, 관련 동영상 등을 확인할 수 있습니다."
VideoDetail 페이지에서 댓글을 어떻게 작성할 수 있나요?,"VideoDetail 페이지 하단에 있는 댓글 입력란에 댓글을 작성한 후, 댓글 작성 버튼을 눌러 댓글을 게시할 수 있습니다."
VideoList 페이지는 어떤 기능을 제공하나요?,VideoList 페이지는 사용자가 업로드한 동영상 목록을 표시합니다. 사용자는 이 페이지에서 자신이 업로드한 모든 동영상을 확인할 수 있습니다.
VideoList 페이지에서 동영상을 어떻게 삭제할 수 있나요?,VideoList 페이지에서 삭제하려는 동영상 옆에 있는 삭제 버튼을 클릭하면 해당 동영상을 삭제할 수 있습니다.
HomePage 페이지는 어떤 기능을 제공하나요?,"HomePage 페이지는 웹사이트의 메인 페이지로, 다양한 기능과 콘텐츠를 소개합니다. 사용자는 이 페이지에서 최신 동영상, 인기 동영상 등을 확인할 수 있습니다."
HomePage 페이지에서 최신 동영상을 어떻게 확인할 수 있나요?,HomePage 페이지에 접속하면 최신 동영상 섹션이 표시됩니다. 여기서 다양한 최신 동영상을 확인할 수 있습니다.
LandingPage 페이지는 어떤 기능을 제공하나요?,LandingPage 페이지는 웹사이트에 처음 방문한 사용자에게 웹사이트의 주요 기능과 혜택을 소개합니다. 사용자는 이 페이지에서 회원가입 또는 로그인할 수 있습니다.
LandingPage 페이지에서 회원가입을 어떻게 할 수 있나요?,LandingPage 페이지에 있는 회원가입 버튼을 클릭하여 회원가입 양식을 작성한 후 제출 버튼을 눌러 회원가입을 완료할 수 있습니다.
Navbar는 어떤 기능을 제공하나요?,"Navbar는 웹사이트의 상단에 위치한 내비게이션 바로, 사용자가 다양한 페이지로 쉽게 이동할 수 있도록 도와줍니다."
Navbar에서 내 계정 페이지로 어떻게 이동할 수 있나요?,Navbar에 있는 내 계정 메뉴를 클릭하여 내 계정 페이지로 이동할 수 있습니다.
SignIn 페이지는 어떤 기능을 제공하나요?,SignIn 페이지는 사용자가 웹사이트에 로그인할 수 있는 기능을 제공합니다. 사용자는 이메일과 비밀번호를 입력하여 로그인할 수 있습니다.
SignIn 페이지에서 로그인을 어떻게 할 수 있나요?,"SignIn 페이지에 이메일과 비밀번호를 입력한 후, 로그인 버튼을 클릭하여 로그인을 완료할 수 있습니다."
SignUp 페이지는 어떤 기능을 제공하나요?,SignUp 페이지는 사용자가 웹사이트에 회원가입할 수 있는 기능을 제공합니다. 사용자는 필요한 정보를 입력하여 계정을 생성할 수 있습니다.
SignUp 페이지에서 회원가입을 어떻게 할 수 있나요?,"SignUp 페이지에 필요한 정보를 입력한 후, 회원가입 버튼을 클릭하여 회원가입을 완료할 수 있습니다."
Footer는 어떤 기능을 제공하나요?,"Footer는 웹사이트 하단에 위치한 영역으로, 다양한 링크와 정보를 제공합니다. 사용자는 여기서 연락처 정보, 소셜 미디어 링크 등을 확인할 수 있습니다."
Footer에서 소셜 미디어 링크를 어떻게 확인할 수 있나요?,Footer에 있는 소셜 미디어 아이콘을 클릭하면 해당 소셜 미디어 페이지로 이동할 수 있습니다.
DetailPlayer 페이지는 어떤 기능을 제공하나요?,DetailPlayer 페이지는 특정 동영상을 재생할 수 있는 기능을 제공합니다. 사용자는 이 페이지에서 동영상을 시청하고 조작할 수 있습니다.
DetailPlayer 페이지에서 동영상을 어떻게 재생할 수 있나요?,DetailPlayer 페이지에 접속하면 자동으로 동영상이 재생됩니다. 재생을 중지하거나 다시 재생하려면 플레이어의 제어 버튼을 사용할 수 있습니다.
DetailList 페이지는 어떤 기능을 제공하나요?,DetailList 페이지는 특정 주제나 카테고리의 동영상 목록을 표시합니다. 사용자는 이 페이지에서 관련 동영상을 쉽게 찾을 수 있습니다.
DetailList 페이지에서 동영상을 어떻게 검색할 수 있나요?,DetailList 페이지 상단에 있는 검색 바를 사용하여 원하는 동영상을 검색할 수 있습니다.
FAQ 페이지는 어떤 기능을 제공하나요?,FAQ 페이지는 자주 묻는 질문과 그에 대한 답변을 제공합니다. 사용자는 이 페이지에서 다양한 질문에 대한 답변을 쉽게 찾을 수 있습니다.
FAQ 페이지에서 질문에 대한 답변을 어떻게 확인할 수 있나요?,FAQ 페이지에 나열된 질문을 클릭하면 해당 질문에 대한 답변이 표시됩니다.
Modal은 어떤 기능을 제공하나요?,Modal은 팝업 창 형태로 중요한 정보를 표시하거나 사용자의 입력을 받을 수 있는 기능을 제공합니다. 다양한 상황에서 사용될 수 있습니다.
Modal을 어떻게 닫을 수 있나요?,Modal의 상단에 있는 닫기 버튼(X)을 클릭하거나 Modal 외부를 클릭하면 Modal이 닫힙니다.
PasswordInput은 어떤 기능을 제공하나요?,PasswordInput은 사용자가 비밀번호를 입력할 수 있는 입력란을 제공합니다. 비밀번호의 안전성을 높이기 위한 기능을 포함할 수 있습니다.
PasswordInput에서 비밀번호를 어떻게 입력할 수 있나요?,PasswordInput 입력란에 비밀번호를 입력하면 됩니다. 입력된 비밀번호는 보안상의 이유로 숨겨집니다.
Settings 페이지는 어떤 기능을 제공하나요?,"Settings 페이지는 사용자가 계정 설정을 변경할 수 있는 기능을 제공합니다. 예를 들어, 알림 설정, 개인정보 설정 등을 관리할 수 있습니다."
Settings 페이지에서 알림 설정을 어떻게 변경할 수 있나요?,"Settings 페이지에 접속한 후, 알림 설정 섹션에서 원하는 알림 옵션을 선택하거나 해제하여 설정을 변경할 수 있습니다."
Support 페이지는 어떤 기능을 제공하나요?,"Support 페이지는 사용자가 문제를 해결하거나 도움을 받을 수 있는 지원 정보를 제공합니다. 예를 들어, 고객 지원 문의, 자주 묻는 질문 등을 포함할 수 있습니다."
Support 페이지에서 고객 지원에 어떻게 문의할 수 있나요?,"Support 페이지에 있는 고객 지원 문의 양식을 작성하여 제출하면, 고객 지원팀이 연락을 드립니다."
DeviceManagement 페이지는 어떤 기능을 제공하나요?,DeviceManagement 페이지는 사용자가 자신의 계정에 연결된 기기들을 관리할 수 있는 기능을 제공합니다. 사용자는 이 페이지에서 기기를 추가하거나 삭제할 수 있습니다.
DeviceManagement 페이지에서 기기를 어떻게 추가할 수 있나요?,"DeviceManagement 페이지에서 ""기기 추가"" 버튼을 클릭하고 필요한 정보를 입력하여 기기를 추가할 수 있습니다."
EditProfile 페이지는 어떤 기능을 제공하나요?,"EditProfile 페이지는 사용자가 자신의 프로필 정보를 수정할 수 있는 기능을 제공합니다. 사용자는 이 페이지에서 이름, 이메일 주소 등의 정보를 변경할 수 있습니다."
EditProfile 페이지에서 프로필 정보를 어떻게 수정할 수 있나요?,"EditProfile 페이지에 접속한 후, 원하는 정보를 수정하고 저장 버튼을 클릭하여 프로필 정보를 업데이트할 수 있습니다."
집을 안전하게 지키기 위해 어떤 조치를 취해야 하나요?,"집을 안전하게 지키기 위해서는 문과 창문을 항상 잠그고, 외부에 보안 카메라를 설치하며, 정기적으로 보안 시스템을 점검하는 것이 중요합니다."
외출 시 집을 안전하게 하기 위한 팁은 무엇인가요?,"외출 시에는 모든 문과 창문을 잠그고, 집에 사람이 없는 것처럼 보이지 않도록 타이머를 설정해 조명을 켜두는 것이 좋습니다. 또한, 신뢰할 수 있는 이웃에게 집을 봐달라고 부탁하는 것도 좋은 방법입니다."
보안 카메라를 설치할 때 주의할 점은 무엇인가요?,"보안 카메라를 설치할 때는 집의 주요 출입구와 창문을 감시할 수 있는 위치에 설치하고, 밤에도 잘 보이도록 적외선 기능이 있는 카메라를 선택하는 것이 좋습니다."
화재 발생 시 대처 방법은 무엇인가요?,"화재 발생 시에는 침착하게 대처해야 합니다. 불이 난 것을 알리기 위해 화재 경보기를 울리고, 가능한 한 빠르게 안전한 출구로 대피합니다. 엘리베이터는 사용하지 말고, 낮은 자세로 이동하여 연기를 피하는 것이 중요합니다."
화재 예방을 위해 집에서 어떤 조치를 취할 수 있나요?,"화재 예방을 위해서는 전기 기기 사용 후 플러그를 뽑고, 가스레인지 사용 후에는 가스 밸브를 잠그며, 정기적으로 소화기와 화재 경보기의 상태를 점검하는 것이 중요합니다."
가정 내 응급 상황에 대비해 준비해야 할 것은 무엇인가요?,"가정 내 응급 상황에 대비해 응급 처치 키트를 준비하고, 가족 모두가 응급 상황 시 대처 방법을 숙지하도록 교육하는 것이 중요합니다. 또한, 긴급 연락처를 쉽게 찾을 수 있는 곳에 두는 것도 좋습니다."
가정 내 침입자를 예방하는 방법은 무엇인가요?,"가정 내 침입자를 예방하기 위해서는 강력한 잠금 장치를 설치하고, 외부인이 쉽게 접근할 수 없도록 울타리를 설치하며, 정기적으로 주변을 순찰하는 것이 좋습니다."
아이들의 안전을 위해 집에서 주의해야 할 점은 무엇인가요?,"아이들의 안전을 위해서는 날카로운 물건이나 유해 물질을 아이들의 손이 닿지 않는 곳에 보관하고, 아이들이 놀 수 있는 공간에 안전 장치를 설치하며, 화재나 감전 등의 위험 요소를 제거하는 것이 중요합니다."
집에서 사용할 수 있는 개인 안전 장치는 무엇이 있나요?,"집에서 사용할 수 있는 개인 안전 장치로는 도어 스톱 알람, 창문 잠금 장치, 스마트 도어벨, 보안 카메라, 소화기 등이 있습니다."
보안 시스템을 선택할 때 고려해야 할 사항은 무엇인가요?,"보안 시스템을 선택할 때는 설치의 용이성, 감지 센서의 종류와 위치, 카메라 해상도, 녹화 저장 방식, 원격 모니터링 기능 등을 고려해야 합니다."
집에 보안 시스템을 설치할 때 비용을 절감하는 방법은 무엇인가요?,"보안 시스템 설치 비용을 절감하기 위해서는 DIY 키트를 구매하여 직접 설치하거나, 필요한 최소한의 기능만 포함된 기본 패키지를 선택하는 것이 좋습니다."
비상 상황에서 대피 계획을 어떻게 세울 수 있나요?,"비상 상황에서의 대피 계획을 세우기 위해 가족 모두가 참여하는 대피 훈련을 정기적으로 실시하고, 각 방마다 출구를 명확히 해 두며, 대피 시 사용할 수 있는 필수품을 준비해 두어야 합니다."
개인 정보 보호를 위해 집에서 주의해야 할 점은 무엇인가요?,"개인 정보 보호를 위해서는 중요한 서류나 물품을 안전한 장소에 보관하고, 온라인 계정에 강력한 비밀번호를 설정하며, 보안이 강화된 와이파이 네트워크를 사용하는 것이 좋습니다."
어린이를 위한 집 안전 팁은 무엇인가요?,"어린이를 위한 집 안전 팁으로는 가구 모서리에 보호대를 설치하고, 전기 콘센트에 안전 덮개를 씌우며, 아이들이 손 닿지 않는 곳에 위험한 물건을 보관하는 것이 중요합니다."
애완동물의 안전을 위해 집에서 주의할 점은 무엇인가요?,"애완동물의 안전을 위해서는 유독 식물이나 화학 물질을 접근할 수 없는 곳에 두고, 작은 물건이나 전기 코드가 물리지 않도록 주의하며, 탈출 방지를 위해 문과 창문을 잘 잠가야 합니다."
집에서 건강을 지키기 위한 환경을 어떻게 조성할 수 있나요?,"집에서 건강을 지키기 위해서는 실내 공기를 자주 환기시키고, 알레르기를 유발할 수 있는 먼지나 곰팡이를 제거하며, 건강에 좋은 식물을 키우는 것이 도움이 됩니다."
집에서 일어날 수 있는 응급 상황에 대비해 어떤 준비를 해야 하나요?,"응급 상황에 대비해 가정용 응급 처치 키트를 준비하고, 주요 응급 전화번호를 쉽게 찾을 수 있는 곳에 두며, 가족 모두가 응급 처치 방법을 익혀야 합니다."
침입자를 예방하기 위해 야간 조명을 어떻게 활용할 수 있나요?,"침입자를 예방하기 위해 야간에는 자동으로 켜지는 센서등을 설치하거나, 일정 시간마다 켜지는 타이머 조명을 사용하여 집에 사람이 있는 것처럼 보이게 하는 것이 좋습니다."
도난 방지를 위해 집 안에 귀중품을 어떻게 보관해야 하나요?,"도난 방지를 위해 귀중품은 금고에 보관하거나, 잘 보이지 않는 은밀한 장소에 숨겨 두는 것이 좋습니다. 또한, 귀중품의 목록을 작성해 두는 것도 중요합니다."
화재 경보기를 설치할 때 주의해야 할 점은 무엇인가요?,"화재 경보기를 설치할 때는 각 층마다 적어도 하나씩 설치하고, 부엌과 침실 근처에 설치하는 것이 좋습니다. 또한, 정기적으로 배터리를 교체하고 작동 여부를 확인해야 합니다."
집에 침입자가 들어왔을 때 어떻게 대처해야 하나요?,"침입자가 들어왔을 때는 가능한 한 빨리 안전한 장소로 대피하고, 경찰에 즉시 신고하며, 침입자와 직접 대면하지 않도록 주의해야 합니다."
보안 카메라를 사용하여 집을 모니터링하는 방법은 무엇인가요?,"보안 카메라를 사용하여 집을 모니터링하려면, 카메라를 출입구와 주요 통로에 설치하고, 스마트폰이나 컴퓨터를 통해 실시간으로 확인할 수 있는 시스템을 구축하는 것이 좋습니다."
겨울철에 집을 안전하게 유지하는 방법은 무엇인가요?,"겨울철에는 난방 기기의 안전을 점검하고, 수도관이 얼지 않도록 보온 처리를 하며, 눈이 쌓이지 않도록 지붕과 주변을 정리하는 것이 중요합니다."
여름철에 집을 안전하게 유지하는 방법은 무엇인가요?,"여름철에는 냉방 기기의 안전을 점검하고, 벌레나 해충의 침입을 막기 위해 창문과 문에 방충망을 설치하며, 정전 대비를 위해 손전등과 배터리를 준비하는 것이 좋습니다."
화재 예방을 위해 주방에서 주의해야 할 점은 무엇인가요?,"주방에서는 요리할 때 자리를 비우지 말고, 가스레인지와 전기 기기를 사용한 후에는 반드시 끄며, 주방에 소화기를 비치해 두는 것이 중요합니다."
가스 누출을 예방하는 방법은 무엇인가요?,"가스 누출을 예방하기 위해 정기적으로 가스 배관을 점검하고, 가스 사용 후에는 밸브를 꼭 잠그며, 가스 누출 감지기를 설치하는 것이 좋습니다."
전기 안전을 위해 집에서 주의해야 할 점은 무엇인가요?,"전기 안전을 위해서는 사용하지 않는 전기 기기의 플러그를 뽑고, 전기 코드가 손상되지 않도록 주의하며, 과부하를 방지하기 위해 멀티탭 사용을 최소화해야 합니다."
침입자 경보 시스템을 선택할 때 고려해야 할 사항은 무엇인가요?,"침입자 경보 시스템을 선택할 때는 설치 비용, 감지 범위, 알림 방식, 원격 모니터링 기능 등을 고려해야 합니다."
집에서 안전하게 인터넷을 사용하는 방법은 무엇인가요?,"안전하게 인터넷을 사용하기 위해 강력한 비밀번호를 설정하고, 정기적으로 비밀번호를 변경하며, 공공 와이파이를 사용할 때는 주의해야 합니다."
아이들이 있는 집에서 화학 물질을 어떻게 보관해야 하나요?,"아이들이 있는 집에서는 화학 물질을 아이들의 손이 닿지 않는 높이와 잠긴 장에 보관하고, 사용 후에는 반드시 뚜껑을 잘 닫아야 합니다."
화재 발생 시 대피 요령은 무엇인가요?,"화재 발생 시에는 빠르게 대피하고, 엘리베이터 대신 계단을 이용하며, 연기를 피하기 위해 낮은 자세로 이동하는 것이 중요합니다."
비상 상황 시 필요한 준비물은 무엇인가요?,"비상 상황 시에는 응급 처치 키트, 물과 비상 식량, 손전등, 배터리, 중요한 서류 등의 준비물이 필요합니다."
집을 비울 때 보안을 강화하는 방법은 무엇인가요?,"집을 비울 때는 모든 문과 창문을 잠그고, 타이머를 설정해 조명을 켜두며, 신뢰할 수 있는 이웃에게 집을 봐달라고 부탁하는 것이 좋습니다."
